[
  [
    "yi_ban",
    {
      "label":"一班",
      "report_url":"/reports_warehouse/tests/58830959fa33184a7ed53f02/project/58830959fa33184a7ed53f02/grade/817196129878802432/klass/837666390579085312.json",
      "uid":"837666390579085312"
    }
  ],
  [
    "er_ban",
    {
      "label":"二班",
      "report_url":"/reports_warehouse/tests/58830959fa33184a7ed53f02/project/58830959fa33184a7ed53f02/grade/817196129878802432/klass/837666395356397568.json",
      "uid":"837666395356397568"
    }
  ]
]