[
  [
    "yi_ban",
    {
      "label":"一班",
      "report_url":"/reports_warehouse/tests/5881c0fefa33184a7ed53e97/project/5881c0fefa33184a7ed53e97/grade/817196129878802432/klass/837849466428981248.json",
      "uid":"837849466428981248"
    }
  ],
  [
    "er_ban",
    {
      "label":"二班",
      "report_url":"/reports_warehouse/tests/5881c0fefa33184a7ed53e97/project/5881c0fefa33184a7ed53e97/grade/817196129878802432/klass/837849592039997440.json",
      "uid":"837849592039997440"
    }
  ]
]