[
  {
    "paper_heading": "2017学年度第一学期期末检测四年级语文试卷",
    "quiz_date": "2017/04/07",
    "quiz_type": "模拟测试",
    "report_url": "/reports_warehouse/tests/5875f96efa33185e96f71650/project/5875f96efa33185e96f71650.json",
    "report_version": "00016110",
    "score": 100,
    "subject": "语文",
    "test_ext_data_path": null,
    "test_id": "5875f96efa33185e96f71650"
  },
  {
    "paper_heading": "2017学年度第一学期期末检测四年级数学试卷",
    "quiz_date": "2017/04/07",
    "quiz_type": "模拟测试",
    "report_url": "/reports_warehouse/tests/5875f4f1fa33185e8cbe7635/project/5875f4f1fa33185e8cbe7635.json",
    "report_version": "00016110",
    "score": 100,
    "subject": "数学",
    "test_ext_data_path": null,
    "test_id": "5875f4f1fa33185e8cbe7635"
  },
  {
    "paper_heading":"2017学年度第一学期期末检测四年级英语试卷",
    "quiz_date":"2017/04/07",
    "quiz_type":"模拟测试",
    "report_url":"/reports_warehouse/tests/587749d5fa33187423b1b613/project/587749d5fa33187423b1b613.json",
    "report_version":"00016110",
    "score":100,
    "subject":"数学",
    "test_ext_data_path":null,
    "test_id":"587749d5fa33187423b1b613"
  },
  {
    "paper_heading":"2016/2017学年度第一学期期末联考八年级语文试卷",
    "quiz_date":"2017/04/07",
    "quiz_type":"模拟测试",
    "report_url":"/reports_warehouse/tests/5881c0fefa33184a7ed53e97/project/5881c0fefa33184a7ed53e97.json",
    "report_version":"00016110",
    "score":100,
    "subject":"语文",
    "test_ext_data_path":null,
    "test_id":"5881c0fefa33184a7ed53e97"
  },
  {
    "paper_heading":"2016/2017学年度第一学期期末联考八年级数学试卷",
    "quiz_date":"2017/04/07",
    "quiz_type":"模拟测试",
    "report_url":"/reports_warehouse/tests/58830959fa33184a7ed53f02/project/58830959fa33184a7ed53f02.json",
    "report_version":"00016110",
    "score":100,
    "subject":"数学",
    "test_ext_data_path":null,
    "test_id":"58830959fa33184a7ed53f02"
  },
  {
    "paper_heading":"2016/2017学年度第一学期期末联考八年级英语试卷",
    "quiz_date":"2017/04/07",
    "quiz_type":"模拟测试",
    "report_url":"/reports_warehouse/tests/5881f824fa33184a932a02a4/project/5881f824fa33184a932a02a4.json",
    "report_version":"00016110",
    "score":100,
    "subject":"英语",
    "test_ext_data_path":null,
    "test_id":"5881f824fa33184a932a02a4"
  }
]