[
  [
    "yi_ban",
    {
      "label":"一班",
      "report_url":"/reports_warehouse/tests/5881f824fa33184a932a02a4/project/5881f824fa33184a932a02a4/grade/817196129878802432/klass/837885531575549952.json",
      "uid":"837885531575549952"
    }
  ],
  [
    "er_ban",
    {
      "label":"二班",
      "report_url":"/reports_warehouse/tests/5881f824fa33184a932a02a4/project/5881f824fa33184a932a02a4/grade/817196129878802432/klass/837885703097417728.json",
      "uid":"837885703097417728"
    }
  ]
]